file_name,external_id,client_id,loan_id,status,repayments_successful,repayments_failed,total_transactions,disbursement_date,total_disbursement_amount,total_repayment_amount,moratorium_processed,moratorium_period,moratorium_start_date,processing_time
2166.json,2166,35034,37590,SUCCESS,84,0,84,21 May 2015,3000000.0,6300000.0,False,,,
2170.json,2170,35033,37591,SUCCESS,60,0,60,25 May 2015,150000.0,270000.0,False,,,
2240.json,2240,35035,37592,SUCCESS,59,0,59,24 July 2015,1000000.0,1800000.0,False,,,
2372.json,2372,35040,37593,SUCCESS,84,0,84,29 October 2015,500000.0,1050000.0,False,,,
2654.json,2654,35038,37594,SUCCESS,84,0,84,15 March 2016,500000.0,1050000.0,False,,,
28169.json,28169,35050,37595,FAILED,0,1,1,5 June 2008,120000.0,0,False,,,
36944.json,36944,35042,37596,FAILED,0,36,36,6 June 2013,150000.0,0,False,,,
41648.json,41648,35036,37597,SUCCESS,21,0,21,30 April 2015,135000.0,170100.0,False,,,
41673.json,41673,35046,37598,SUCCESS,32,0,32,30 April 2015,250000.0,352000.0,False,,,
41714.json,41714,35044,37599,FAILED,0,21,21,8 May 2015,110000.0,0,False,,,
41828.json,41828,35032,37600,SUCCESS,21,0,21,22 May 2015,130000.0,163800.0,False,,,
42006.json,42006,35039,37601,SUCCESS,26,0,26,16 June 2015,130000.0,174902.0,False,,,
42090.json,42090,35043,37602,SUCCESS,32,0,32,30 June 2015,250000.0,352000.0,False,,,
42272.json,42272,35048,37603,SUCCESS,26,0,26,25 July 2015,220000.0,295984.0,False,,,
42408.json,42408,35049,37604,SUCCESS,26,0,26,12 August 2015,90000.0,122850.0,False,,,
42630.json,42630,35047,37605,SUCCESS,32,0,32,12 September 2015,260000.0,366080.0,False,,,
42745.json,42745,35045,37606,SUCCESS,21,0,21,30 September 2015,200000.0,252000.0,False,,,
42851.json,42851,35051,37607,SUCCESS,26,0,26,16 October 2015,115000.0,154726.0,False,,,
42979.json,42979,35052,37608,FAILED,0,21,21,5 November 2015,150000.0,0,False,,,
42980.json,42980,35053,37609,FAILED,0,21,21,5 November 2015,230000.0,0,False,,,
43051.json,43051,35054,37610,SUCCESS,32,0,32,17 November 2015,250000.0,340800.0,False,,,
43186.json,43186,35055,37611,FAILED,0,32,32,5 December 2015,225000.0,0,False,,,
43303.json,43303,35056,37612,SUCCESS,16,0,16,22 December 2015,200000.0,240000.0,False,,,
43376.json,43376,35057,37613,FAILED,0,26,26,2 January 2016,110000.0,0,False,,,
43492.json,43492,35058,37614,SUCCESS,11,0,11,21 January 2016,80000.0,91740.0,False,,,
43493.json,43493,35061,37615,SUCCESS,11,0,11,21 January 2016,110000.0,126115.0,False,,,
43562.json,43562,35059,37616,SUCCESS,20,1,21,30 January 2016,90000.0,110700.0,False,,,
43649.json,43649,35060,37617,SUCCESS,11,0,11,19 February 2016,80000.0,91740.0,False,,,
4386.json,4386,35062,37618,SUCCESS,83,0,83,11 May 2018,700000.0,1764000.0,False,,,
44116.json,44116,35067,37619,SUCCESS,21,0,21,23 May 2016,100000.0,129150.0,False,,,
44181.json,4418,35065,37620,SUCCESS,72,12,84,10 October 2019,1450000.0,3132000.0,False,,,
44214.json,44214,35068,37621,SUCCESS,16,0,16,11 June 2016,100000.0,121600.0,False,,,
44261.json,44261,35064,37622,SUCCESS,21,0,21,18 June 2016,100000.0,126000.0,False,,,
44316.json,44316,35069,37623,SUCCESS,21,0,21,30 June 2016,140000.0,176400.0,False,,,
44412.json,44412,35066,37624,SUCCESS,21,0,21,18 July 2016,50000.0,64575.0,False,,,
44485.json,44485,35070,37625,SUCCESS,16,0,16,30 July 2016,200000.0,240000.0,False,,,
44545.json,44545,35071,37626,SUCCESS,31,0,31,16 August 2016,280000.0,358444.0,False,,,
44559.json,44559,35072,37627,SUCCESS,32,0,32,19 August 2016,250000.0,340800.0,False,,,
44560.json,44560,35073,37628,SUCCESS,21,0,21,20 August 2016,120000.0,154875.0,False,,,
44586.json,44586,35074,37629,SUCCESS,16,0,16,25 August 2016,60000.0,72960.0,False,,,
44708.json,44708,35075,37630,SUCCESS,21,0,21,21 September 2016,100000.0,129150.0,False,,,
44877.json,44877,35076,37631,SUCCESS,21,0,21,22 October 2016,100000.0,129150.0,False,,,
44923.json,44923,35077,37632,SUCCESS,21,0,21,27 October 2016,160000.0,206535.0,False,,,
45408.json,45408,35078,37633,SUCCESS,16,0,16,23 February 2017,100000.0,121600.0,False,,,
45628.json,45628,35079,37634,FAILED,0,21,21,3 April 2017,100000.0,0,False,,,
45731.json,4573,35080,37635,SUCCESS,70,13,83,24 December 2019,4200000.0,8946000.0,False,,,
45759.json,45759,35081,37636,FAILED,0,21,21,6 May 2017,80000.0,0,False,,,
45770.json,45770,35082,37637,FAILED,0,11,11,9 May 2017,40000.0,0,False,,,
45801.json,45801,35083,37638,SUCCESS,16,0,16,16 May 2017,160000.0,194560.0,False,,,
45839.json,45839,35084,37639,SUCCESS,16,0,16,24 May 2017,70000.0,85120.0,False,,,
45858.json,45858,35085,37640,SUCCESS,16,0,16,26 May 2017,160000.0,187520.0,False,,,
45871.json,45871,35086,37641,SUCCESS,21,0,21,30 May 2017,300000.0,378000.0,False,,,
46043.json,46043,35087,37642,FAILED,0,16,16,5 July 2017,60000.0,0,False,,,
46450.json,46450,35088,37643,SUCCESS,26,0,26,25 October 2017,180000.0,245700.0,False,,,
46537.json,46537,35090,37644,SUCCESS,21,0,21,10 November 2017,120000.0,154875.0,False,,,
46599.json,46599,35089,37645,SUCCESS,26,0,26,26 November 2017,170000.0,228800.0,False,,,
46658.json,46658,35091,37646,SUCCESS,21,0,21,11 December 2017,150000.0,193620.0,False,,,
46665.json,46665,35092,37647,SUCCESS,26,0,26,12 December 2017,170000.0,232050.0,False,,,
4667.json,4667,35093,37648,SUCCESS,75,8,83,27 July 2018,2000000.0,4560000.0,False,,,
46728.json,46728,35094,37649,SUCCESS,16,0,16,23 December 2017,65000.0,79040.0,False,,,
46961.json,4696,35095,37650,FAILED,0,83,83,2 January 2019,1000000.0,0,False,,,
4723.json,4723,35096,37651,FAILED,0,83,83,9 August 2018,1800000.0,0,False,,,
47660.json,47660,35097,37652,FAILED,0,21,21,5 July 2018,150000.0,0,False,,,
47743.json,47743,35098,37653,SUCCESS,26,0,26,27 July 2018,240000.0,322920.0,False,,,
47860.json,47860,35099,37654,SUCCESS,21,0,21,20 August 2018,140000.0,176400.0,False,,,
47936.json,47936,35100,37655,FAILED,0,21,21,4 September 2018,110000.0,0,False,,,
48010.json,48010,35101,37656,SUCCESS,16,0,16,21 September 2018,70000.0,85120.0,False,,,
48016.json,48016,35102,37657,SUCCESS,16,0,16,25 September 2018,200000.0,234400.0,False,,,
48092.json,48092,35103,37658,SUCCESS,16,0,16,11 October 2018,100000.0,117200.0,False,,,
48221.json,48221,35104,37659,FAILED,0,21,21,9 November 2018,140000.0,0,False,,,
48330.json,48330,35105,37660,SUCCESS,26,0,26,30 November 2018,250000.0,321620.0,False,,,
48331.json,48331,35106,37661,SUCCESS,21,0,21,30 November 2018,150000.0,193620.0,False,,,
48518.json,48518,35107,37662,SUCCESS,21,0,21,12 January 2019,100000.0,129150.0,False,,,
4867.json,4867,35108,37663,FAILED,0,108,108,9 October 2018,425000.0,0,False,,,
48752.json,48752,35109,37664,SUCCESS,21,0,21,21 February 2019,180000.0,232365.0,False,,,
4888.json,4888,35110,37665,SUCCESS,82,1,83,20 October 2018,600000.0,1494000.0,False,,,
48961.json,48961,35111,37666,FAILED,0,16,16,2 April 2019,100000.0,0,False,,,
49013.json,49013,35112,37667,SUCCESS,21,0,21,13 April 2019,140000.0,180705.0,False,,,
49382.json,49382,35113,37668,FAILED,0,16,16,8 July 2019,90000.0,0,False,,,
4945.json,4945,35114,37669,SUCCESS,79,4,83,19 November 2018,1000000.0,2400000.0,False,,,
49819.json,49819,35115,37670,FAILED,0,16,16,6 November 2019,100000.0,0,False,,,
50224.json,50224,35116,37671,SUCCESS,16,0,16,12 March 2020,80000.0,97280.0,False,,,
50264.json,50264,35117,37672,FAILED,0,26,26,4 July 2020,230000.0,0,False,,,
50300.json,50300,35118,37673,SUCCESS,26,0,26,21 July 2020,190000.0,255710.0,False,,,
50318.json,50318,35119,37674,SUCCESS,16,0,16,27 July 2020,100000.0,121600.0,False,,,
50337.json,50337,35120,37675,FAILED,0,26,26,5 August 2020,210000.0,0,False,,,
50374.json,50374,35121,37676,SUCCESS,1,25,26,29 August 2020,200000.0,10350.0,False,,,
50391.json,50391,35122,37677,FAILED,0,21,21,8 September 2020,160000.0,0,False,,,
50541.json,50541,35123,37678,FAILED,0,11,11,7 November 2020,120000.0,0,False,,,
50728.json,50728,35124,37679,SUCCESS,16,0,16,26 February 2021,150000.0,182400.0,False,,,
50744.json,50744,35125,37680,FAILED,0,32,32,5 March 2021,300000.0,0,False,,,
50809.json,50809,35126,37681,SUCCESS,16,0,16,15 June 2021,160000.0,192000.0,False,,,
50815.json,50815,35127,37682,SUCCESS,26,0,26,21 June 2021,250000.0,321620.0,False,,,
50825.json,50825,35128,37683,SUCCESS,35,0,35,26 June 2021,450000.0,617750.0,False,,,
50851.json,50851,35129,37684,SUCCESS,26,0,26,13 July 2021,200000.0,257270.0,False,,,
50853.json,50853,35130,37685,SUCCESS,35,0,35,14 July 2021,320000.0,428575.0,False,,,
50885.json,50885,35131,37686,FAILED,0,36,36,3 August 2021,375000.0,0,False,,,
50917.json,50917,35132,37687,SUCCESS,16,0,16,19 August 2021,100000.0,121600.0,False,,,
50960.json,50960,35133,37688,SUCCESS,21,0,21,13 September 2021,250000.0,306915.0,False,,,
51001.json,51001,35134,37689,FAILED,0,11,11,5 October 2021,80000.0,0,False,,,
51031.json,51031,35135,37690,FAILED,0,42,42,1 November 2021,400000.0,0,False,,,
51057.json,51057,35136,37691,SUCCESS,21,0,21,16 November 2021,215000.0,263550.0,False,,,
51062.json,51062,35137,37692,SUCCESS,21,0,21,19 November 2021,180000.0,221025.0,False,,,
51063.json,51063,35138,37693,SUCCESS,21,0,21,20 November 2021,190000.0,233310.0,False,,,
51068.json,51068,35140,37694,SUCCESS,16,0,16,25 November 2021,150000.0,182400.0,False,,,
51075.json,51075,35139,37695,SUCCESS,16,0,16,30 November 2021,160000.0,194560.0,False,,,
51086.json,51086,35141,37696,FAILED,0,36,36,8 December 2021,420000.0,0,False,,,
51129.json,51129,35142,37697,SUCCESS,24,0,24,13 January 2022,210000.0,259200.0,False,,,
51190.json,51190,35143,37698,SUCCESS,30,0,30,24 February 2022,550000.0,720000.0,False,,,
51204.json,51204,35144,37699,FAILED,0,36,36,4 March 2022,320000.0,0,False,,,
51206.json,51206,35145,37700,FAILED,0,36,36,4 March 2022,300000.0,0,False,,,
51208.json,51208,35146,37701,FAILED,0,21,21,5 March 2022,115000.0,0,False,,,
51215.json,51215,35147,37702,SUCCESS,1,31,32,10 March 2022,340000.0,14480.0,False,,,
51224.json,51224,35148,37703,SUCCESS,44,4,48,11 March 2022,500000.0,660000.0,False,,,
51274.json,51274,35149,37704,SUCCESS,26,0,26,31 March 2022,300000.0,383760.0,False,,,
51279.json,51279,35150,37705,FAILED,0,26,26,4 April 2022,190000.0,0,False,,,
51318.json,51318,35152,37706,FAILED,0,36,36,5 May 2022,400000.0,0,False,,,
51334.json,51334,35153,37707,SUCCESS,26,0,26,16 May 2022,250000.0,321620.0,False,,,
51361.json,51361,35154,37708,FAILED,0,36,36,1 June 2022,300000.0,0,False,,,
51381.json,5138,35155,37709,SUCCESS,70,14,84,13 December 2019,200000.0,420000.0,False,,,
51480.json,51480,35156,37710,SUCCESS,21,0,21,28 July 2022,160000.0,201600.0,False,,,
51481.json,51481,35157,37711,SUCCESS,24,0,24,28 July 2022,600000.0,739920.0,False,,,
51559.json,51559,35158,37712,SUCCESS,35,0,35,29 August 2022,275000.0,385000.0,False,,,
51574.json,51574,35159,37713,FAILED,0,36,36,3 September 2022,400000.0,0,False,,,
51642.json,51642,35160,37714,SUCCESS,37,5,42,26 September 2022,500000.0,606060.0,False,,,
51643.json,51643,35161,37715,SUCCESS,36,0,36,26 September 2022,450000.0,619200.0,False,,,
51677.json,51677,35162,37716,FAILED,0,36,36,6 October 2022,630000.0,0,False,,,
51711.json,51711,35165,37717,SUCCESS,36,0,36,22 October 2022,800000.0,1015431.0,False,,,
5174.json,5174,35163,37718,FAILED,0,84,84,8 April 2019,3000000.0,0,False,,,
51784.json,51784,35166,37719,SUCCESS,36,0,36,28 November 2022,280000.0,383400.0,False,,,
5179.json,5179,35164,37720,SUCCESS,78,6,84,12 April 2019,4500000.0,10530000.0,False,,,
51805.json,51805,35168,37721,FAILED,0,26,26,5 December 2022,250000.0,0,False,,,
51807.json,51807,35167,37722,FAILED,0,26,26,6 December 2022,260000.0,0,False,,,
51821.json,51821,35169,37723,SUCCESS,34,0,34,12 December 2022,250000.0,318510.0,False,,,
51831.json,51831,35170,37724,SUCCESS,34,2,36,16 December 2022,400000.0,537200.0,False,,,
51852.json,51852,35171,37725,SUCCESS,26,0,26,24 December 2022,260000.0,334360.0,False,,,
51862.json,51862,35172,37726,SUCCESS,35,1,36,27 December 2022,450000.0,608125.0,False,,,
51883.json,51883,35174,37727,FAILED,0,21,21,3 January 2023,200000.0,0,False,,,
51893.json,51893,35173,37728,SUCCESS,16,0,16,13 January 2023,130000.0,156000.0,False,,,
51919.json,51919,35175,37729,SUCCESS,33,3,36,25 January 2023,350000.0,429000.0,False,,,
51944.json,51944,35176,37730,FAILED,0,36,36,3 February 2023,600000.0,0,False,,,
51958.json,51958,35177,37731,FAILED,0,36,36,8 February 2023,400000.0,0,False,,,
51970.json,51970,35179,37732,SUCCESS,16,0,16,11 February 2023,175000.0,212800.0,False,,,
51975.json,51975,35181,37733,SUCCESS,16,0,16,16 February 2023,115000.0,139840.0,False,,,
51986.json,51986,35183,37734,SUCCESS,32,16,48,18 February 2023,400000.0,400000.0,False,,,
52003.json,52003,35182,37735,SUCCESS,32,16,48,28 February 2023,500000.0,480000.0,False,,,
52012.json,52012,35184,37736,FAILED,0,24,24,6 March 2023,310000.0,0,False,,,
52028.json,52028,35186,37737,SUCCESS,31,4,35,18 March 2023,375000.0,452600.0,False,,,
52083.json,52083,35185,37738,SUCCESS,30,2,32,15 April 2023,280000.0,357750.0,False,,,
52101.json,52101,35188,37739,SUCCESS,30,6,36,24 April 2023,450000.0,507000.0,False,,,
52121.json,52121,35187,37740,FAILED,0,36,36,9 May 2023,325000.0,0,False,,,
52122.json,52122,35189,37741,FAILED,0,36,36,9 May 2023,350000.0,0,False,,,
52133.json,52133,35191,37742,SUCCESS,26,0,26,11 May 2023,200000.0,257270.0,False,,,
52148.json,52148,35190,37743,SUCCESS,29,3,32,19 May 2023,310000.0,369750.0,False,,,
52214.json,52214,35192,37744,FAILED,0,30,30,6 June 2023,180000.0,0,False,,,
52236.json,52236,35193,37745,SUCCESS,28,2,30,13 June 2023,225000.0,273000.0,False,,,
52240.json,52240,35195,37746,SUCCESS,28,8,36,13 June 2023,300000.0,308000.0,False,,,
52247.json,52247,35194,37747,SUCCESS,24,0,24,15 June 2023,260000.0,327600.0,False,,,
52364.json,52364,35196,37748,FAILED,0,21,21,5 July 2023,225000.0,0,False,,,
52385.json,52385,35197,37749,SUCCESS,27,9,36,13 July 2023,550000.0,540000.0,False,,,
52386.json,52386,35198,37750,SUCCESS,27,9,36,13 July 2023,300000.0,313200.0,False,,,
52389.json,52389,35199,37751,SUCCESS,27,9,36,13 July 2023,280000.0,277155.0,False,,,
52424.json,52424,35200,37752,SUCCESS,27,9,36,19 July 2023,300000.0,309420.0,False,,,
52476.json,52476,35202,37753,SUCCESS,27,21,48,27 July 2023,550000.0,451980.0,False,,,
52477.json,52477,35201,37754,SUCCESS,27,21,48,27 July 2023,820000.0,650430.0,False,,,
52496.json,52496,35204,37755,SUCCESS,26,0,26,31 July 2023,180000.0,231920.0,False,,,
52512.json,52512,35203,37756,FAILED,0,48,48,2 August 2023,650000.0,0,False,,,
52530.json,52530,35205,37757,FAILED,0,24,24,5 August 2023,100000.0,0,False,,,
52661.json,52661,35206,37758,SUCCESS,16,0,16,31 August 2023,110000.0,132000.0,False,,,
52671.json,52671,35207,37759,FAILED,0,60,60,2 September 2023,575000.0,0,False,,,
52684.json,52684,35208,37760,FAILED,0,42,42,6 September 2023,350000.0,0,False,,,
52701.json,52701,35209,37761,FAILED,0,36,36,11 September 2023,300000.0,0,False,,,
52705.json,52705,35210,37762,FAILED,0,24,24,11 September 2023,200000.0,0,False,,,
52707.json,52707,35211,37763,SUCCESS,25,11,36,12 September 2023,350000.0,334250.0,False,,,
52722.json,52722,35212,37764,SUCCESS,25,23,48,14 September 2023,400000.0,307000.0,False,,,
52797.json,52797,35213,37765,SUCCESS,25,11,36,27 September 2023,550000.0,532500.0,False,,,
52844.json,52844,35214,37766,FAILED,0,24,24,6 October 2023,550000.0,0,False,,,
52855.json,52855,35216,37767,FAILED,0,26,26,10 October 2023,200000.0,0,False,,,
52878.json,52878,35215,37768,SUCCESS,24,0,24,13 October 2023,180000.0,223920.0,False,,,
52897.json,52897,35217,37769,SUCCESS,24,12,36,18 October 2023,350000.0,325200.0,False,,,
52903.json,52903,35233,37770,SUCCESS,24,6,30,19 October 2023,2850000.0,2848080.0,False,,,
52941.json,52941,35234,37771,SUCCESS,24,12,36,27 October 2023,275000.0,252000.0,False,,,
52944.json,52944,35235,37772,SUCCESS,24,6,30,27 October 2023,200000.0,202320.0,False,,,
52950.json,52950,35236,37773,SUCCESS,24,0,24,28 October 2023,330000.0,395148.0,False,,,
52959.json,52959,35237,37774,SUCCESS,24,24,48,31 October 2023,450000.0,331200.0,False,,,
53041.json,53041,35238,37775,SUCCESS,23,9,32,18 November 2023,260000.0,254725.0,False,,,
53057.json,53057,35239,37776,SUCCESS,11,0,11,21 November 2023,70000.0,79310.0,False,,,
53063.json,53063,35240,37777,SUCCESS,24,2,26,21 November 2023,260000.0,322920.0,False,,,
53144.json,53144,35241,37778,FAILED,0,26,26,8 December 2023,300000.0,0,False,,,
53164.json,53164,35242,37779,SUCCESS,22,14,36,13 December 2023,150000.0,124410.0,False,,,
53166.json,53166,35243,37780,SUCCESS,22,20,42,13 December 2023,330000.0,238150.0,False,,,
53202.json,53202,35244,37781,SUCCESS,16,0,16,19 December 2023,150000.0,182400.0,False,,,
53221.json,53221,35245,37782,SUCCESS,22,4,26,21 December 2023,450000.0,499400.0,False,,,
53309.json,53309,35246,37783,FAILED,0,21,21,2 January 2024,220000.0,0,False,,,
53324.json,53324,35247,37784,FAILED,0,36,36,6 January 2024,520000.0,0,False,,,
53330.json,53330,35248,37785,FAILED,0,21,21,8 January 2024,120000.0,0,False,,,
53336.json,53336,35249,37786,FAILED,0,36,36,8 January 2024,650000.0,0,False,,,
53356.json,53356,35250,37787,SUCCESS,22,4,26,11 January 2024,290000.0,330220.0,False,,,
53390.json,53390,35251,37788,SUCCESS,16,0,16,18 January 2024,110000.0,133760.0,False,,,
53396.json,53396,35252,37789,SUCCESS,21,5,26,19 January 2024,290000.0,299670.0,False,,,
53449.json,53449,35253,37790,SUCCESS,21,15,36,30 January 2024,470000.0,362250.0,False,,,
53511.json,53511,35255,37791,FAILED,0,24,24,6 February 2024,200000.0,0,False,,,
53518.json,53518,35256,37792,FAILED,0,48,48,8 February 2024,650000.0,0,False,,,
53520.json,53520,35257,37793,FAILED,0,36,36,10 February 2024,400000.0,0,False,,,
53528.json,53528,35258,37794,FAILED,0,22,22,10 February 2024,200000.0,0,False,,,
53561.json,53561,35259,37795,SUCCESS,18,0,18,14 February 2024,600000.0,720360.0,False,,,
53614.json,53614,35260,37796,SUCCESS,20,28,48,22 February 2024,650000.0,389000.0,False,,,
53620.json,53620,35261,37797,SUCCESS,18,0,18,22 February 2024,240000.0,283950.0,False,,,
53703.json,53703,35262,37798,FAILED,0,36,36,5 March 2024,430000.0,0,False,,,
53719.json,53719,35263,37799,FAILED,0,36,36,8 March 2024,450000.0,0,False,,,
53745.json,53745,35264,37800,SUCCESS,19,17,36,13 March 2024,270000.0,190760.0,False,,,
53749.json,53749,35265,37801,SUCCESS,19,29,48,14 March 2024,1200000.0,675735.0,False,,,
53805.json,53805,35267,37802,SUCCESS,16,0,16,21 March 2024,180000.0,218400.0,False,,,
53951.json,53951,35268,37803,FAILED,0,42,42,6 April 2024,550000.0,0,False,,,
53974.json,53974,35269,37804,SUCCESS,18,0,18,13 April 2024,170000.0,204120.0,False,,,
54021.json,54021,35270,37805,SUCCESS,18,18,36,25 April 2024,280000.0,198000.0,False,,,
54072.json,54072,35271,37806,FAILED,0,36,36,4 May 2024,260000.0,0,False,,,
54073.json,54073,35272,37807,FAILED,0,24,24,6 May 2024,200000.0,0,False,,,
54074.json,54074,35273,37808,FAILED,0,30,30,6 May 2024,250000.0,0,False,,,
54081.json,54081,35274,37809,FAILED,0,36,36,8 May 2024,600000.0,0,False,,,
54115.json,54115,35275,37810,SUCCESS,17,31,48,13 May 2024,900000.0,457470.0,False,,,
54152.json,54152,35276,37811,SUCCESS,16,0,16,18 May 2024,100000.0,117920.0,False,,,
54153.json,54153,35277,37812,SUCCESS,18,3,21,18 May 2024,220000.0,237600.0,False,,,
54189.json,54189,35278,37813,SUCCESS,17,19,36,27 May 2024,350000.0,224400.0,False,,,
54270.json,54270,35280,37814,FAILED,0,26,26,5 June 2024,280000.0,0,False,,,
54274.json,54274,35281,37815,FAILED,0,48,48,6 June 2024,340000.0,0,False,,,
54298.json,54298,35282,37816,SUCCESS,16,32,48,13 June 2024,400000.0,191360.0,False,,,
54301.json,54301,35283,37817,SUCCESS,17,4,21,11 June 2024,220000.0,224400.0,False,,,
54303.json,54303,35284,37818,SUCCESS,16,0,16,11 June 2024,150000.0,182400.0,False,,,
54305.json,54305,35285,37819,SUCCESS,16,20,36,11 June 2024,550000.0,327040.0,False,,,
54316.json,54316,35286,37820,SUCCESS,16,20,36,12 June 2024,550000.0,332000.0,False,,,
54324.json,54324,35287,37821,SUCCESS,16,26,42,13 June 2024,320000.0,170480.0,False,,,
54325.json,54325,35288,37822,SUCCESS,16,32,48,13 June 2024,270000.0,131520.0,False,,,
54383.json,54383,35289,37823,SUCCESS,17,9,26,21 June 2024,250000.0,210290.0,False,,,
54416.json,54416,35290,37824,SUCCESS,16,32,48,26 June 2024,550000.0,263200.0,False,,,
54548.json,54548,35293,37825,SUCCESS,15,21,36,13 July 2024,250000.0,143250.0,False,,,
54552.json,54552,35294,37826,SUCCESS,15,9,24,15 July 2024,260000.0,212100.0,False,,,
54581.json,54581,35295,37827,SUCCESS,15,9,24,19 July 2024,200000.0,152700.0,False,,,
54597.json,54597,35296,37828,SUCCESS,15,15,30,22 July 2024,250000.0,159900.0,False,,,
54600.json,54600,35297,37829,SUCCESS,16,0,16,22 July 2024,170000.0,204000.0,False,,,
54728.json,54728,35298,37830,FAILED,0,21,21,5 August 2024,150000.0,0,False,,,
54731.json,54731,35299,37831,FAILED,0,48,48,6 August 2024,350000.0,0,False,,,
54763.json,54763,35300,37832,SUCCESS,14,16,30,13 August 2024,800000.0,466340.0,False,,,
54764.json,54764,35301,37833,SUCCESS,14,22,36,13 August 2024,450000.0,231000.0,False,,,
54765.json,54765,35302,37834,SUCCESS,14,34,48,13 August 2024,300000.0,127820.0,False,,,
54767.json,54767,35303,37835,SUCCESS,14,22,36,13 August 2024,320000.0,168840.0,False,,,
54769.json,54769,35304,37836,SUCCESS,14,16,30,13 August 2024,150000.0,88480.0,False,,,
54771.json,54771,35305,37837,SUCCESS,15,1,16,14 August 2024,160000.0,180000.0,False,,,
54803.json,54803,35306,37838,SUCCESS,14,34,48,20 August 2024,580000.0,242900.0,False,,,
54810.json,54810,35307,37839,SUCCESS,15,6,21,21 August 2024,220000.0,198000.0,False,,,
5490.json,5490,35308,37840,FAILED,0,84,84,3 September 2020,450000.0,0,False,,,
54935.json,54935,35309,37841,SUCCESS,1,23,24,31 August 2024,225000.0,12070.0,False,,,
5494.json,5494,35310,37842,FAILED,0,84,84,5 September 2020,300000.0,0,False,,,
54978.json,54978,35311,37843,SUCCESS,13,17,30,11 September 2024,250000.0,146900.0,False,,,
54999.json,54999,35312,37844,SUCCESS,13,23,36,13 September 2024,650000.0,320580.0,False,,,
55001.json,55001,35314,37845,SUCCESS,13,23,36,13 September 2024,200000.0,102050.0,False,,,
55002.json,55002,35315,37846,SUCCESS,13,29,42,13 September 2024,300000.0,131950.0,False,,,
55003.json,55003,35316,37847,SUCCESS,13,35,48,13 September 2024,525000.0,200525.0,False,,,
55004.json,55004,35317,37848,SUCCESS,13,23,36,13 September 2024,250000.0,122460.0,False,,,
55007.json,55007,35318,37849,SUCCESS,12,0,12,13 September 2024,700000.0,295421.0,False,,,
55009.json,55009,35319,37850,SUCCESS,13,23,36,13 September 2024,340000.0,164255.0,False,,,
55048.json,55048,35320,37851,SUCCESS,11,1,12,18 September 2024,370000.0,151250.0,False,,,
55068.json,55068,35321,37852,SUCCESS,13,35,48,20 September 2024,550000.0,214500.0,False,,,
55111.json,55111,35322,37853,SUCCESS,14,2,16,24 September 2024,170000.0,180880.0,False,,,
55200.json,55200,35323,37854,FAILED,0,30,30,5 October 2024,500000.0,0,False,,,
55201.json,55201,35324,37855,FAILED,0,36,36,5 October 2024,630000.0,0,False,,,
55214.json,55214,35325,37856,FAILED,0,36,36,8 October 2024,500000.0,0,False,,,
55232.json,55232,35326,37857,FAILED,0,36,36,10 October 2024,350000.0,0,False,,,
55235.json,55235,35327,37858,SUCCESS,13,8,21,11 October 2024,180000.0,140400.0,False,,,
55275.json,55275,35328,37859,SUCCESS,12,36,48,17 October 2024,400000.0,146100.0,False,,,
55291.json,55291,35329,37860,SUCCESS,13,8,21,18 October 2024,200000.0,159900.0,False,,,
55344.json,55344,35330,37861,SUCCESS,12,12,24,24 October 2024,240000.0,152280.0,False,,,
55345.json,55345,35331,37862,SUCCESS,12,24,36,24 October 2024,250000.0,113040.0,False,,,
55355.json,55355,35332,37863,SUCCESS,13,13,26,25 October 2024,270000.0,174200.0,False,,,
55401.json,55401,35333,37864,SUCCESS,13,3,16,30 October 2024,150000.0,148200.0,False,,,
55445.json,55445,35334,37865,FAILED,0,36,36,6 November 2024,225000.0,0,False,,,
55447.json,55447,35335,37866,FAILED,0,36,36,6 November 2024,215000.0,0,False,,,
55449.json,55449,35336,37867,FAILED,0,24,24,6 November 2024,250000.0,0,False,,,
55450.json,55450,35337,37868,FAILED,0,36,36,6 November 2024,200000.0,0,False,,,
55452.json,55452,35338,37869,FAILED,0,36,36,6 November 2024,740000.0,0,False,,,
55501.json,55501,35339,37870,SUCCESS,12,4,16,13 November 2024,200000.0,180000.0,False,,,
55583.json,55583,35340,37871,SUCCESS,12,24,36,25 November 2024,900000.0,417000.0,False,,,
55701.json,55701,35341,37872,FAILED,0,30,30,5 December 2024,300000.0,0,False,,,
55705.json,55705,35342,37873,FAILED,0,48,48,6 December 2024,900000.0,0,False,,,
55706.json,55706,35343,37874,FAILED,0,36,36,6 December 2024,350000.0,0,False,,,
55709.json,55709,35344,37875,FAILED,0,48,48,6 December 2024,600000.0,0,False,,,
55710.json,55710,35345,37876,FAILED,0,48,48,6 December 2024,485000.0,0,False,,,
55711.json,55711,35346,37877,FAILED,0,36,36,6 December 2024,320000.0,0,False,,,
55751.json,55751,35347,37878,SUCCESS,11,10,21,13 December 2024,190000.0,125400.0,False,,,
55752.json,55752,35348,37879,SUCCESS,10,14,24,13 December 2024,380000.0,191550.0,False,,,
55753.json,55753,35349,37880,SUCCESS,10,20,30,13 December 2024,470000.0,200400.0,False,,,
55754.json,55754,35350,37881,SUCCESS,10,32,42,13 December 2024,1025000.0,336000.0,False,,,
55755.json,55755,35351,37882,SUCCESS,10,38,48,13 December 2024,600000.0,176250.0,False,,,
55784.json,55784,35352,37883,SUCCESS,10,11,21,19 December 2024,200000.0,123000.0,False,,,
55817.json,55817,35353,37884,SUCCESS,10,16,26,24 December 2024,250000.0,126500.0,False,,,
55907.json,55907,35355,37885,FAILED,0,18,18,4 January 2025,100000.0,0,False,,,
55910.json,55910,35356,37886,FAILED,0,48,48,6 January 2025,630000.0,0,False,,,
55911.json,55911,35357,37887,FAILED,0,36,36,6 January 2025,460000.0,0,False,,,
55914.json,55914,35358,37888,FAILED,0,48,48,6 January 2025,550000.0,0,False,,,
55918.json,55918,35359,37889,FAILED,0,16,16,6 January 2025,500000.0,0,False,,,
55926.json,55926,35360,37890,FAILED,0,24,24,8 January 2025,135000.0,0,False,,,
55931.json,55931,35361,37891,FAILED,0,24,24,9 January 2025,450000.0,0,False,,,
55938.json,55938,35362,37892,FAILED,0,48,48,9 January 2025,425000.0,0,False,,,
56019.json,56019,35363,37893,SUCCESS,9,21,30,20 January 2025,250000.0,95940.0,False,,,
56026.json,56026,35364,37894,SUCCESS,9,21,30,23 January 2025,270000.0,106029.0,False,,,
56058.json,56058,35365,37895,SUCCESS,9,39,48,25 January 2025,2600000.0,687600.0,False,,,
56062.json,56062,35366,37896,FAILED,0,48,48,27 January 2025,700000.0,0,False,,,
56068.json,56068,35367,37897,SUCCESS,9,27,36,28 January 2025,325000.0,111735.0,False,,,
56074.json,56074,35368,37898,SUCCESS,9,39,48,29 January 2025,300000.0,80730.0,False,,,
56076.json,56076,35369,37899,SUCCESS,10,11,21,29 January 2025,130000.0,76000.0,False,,,
56096.json,56096,35370,37900,SUCCESS,9,27,36,31 January 2025,350000.0,115470.0,False,,,
56123.json,56123,35371,37901,FAILED,0,42,42,5 February 2025,350000.0,0,False,,,
56129.json,56129,35372,37902,FAILED,0,48,48,6 February 2025,400000.0,0,False,,,
56132.json,56132,35373,37903,FAILED,0,30,30,6 February 2025,310000.0,0,False,,,
56133.json,56133,35374,37904,FAILED,0,42,42,6 February 2025,375000.0,0,False,,,
56138.json,56138,35375,37905,FAILED,0,24,24,8 February 2025,100000.0,0,False,,,
56167.json,56167,35376,37906,SUCCESS,8,10,18,13 February 2025,150000.0,79480.0,False,,,
56169.json,56169,35377,37907,SUCCESS,8,40,48,13 February 2025,390000.0,94960.0,False,,,
56171.json,56171,35378,37908,SUCCESS,8,40,48,13 February 2025,380000.0,90920.0,False,,,
56172.json,56172,35379,37909,SUCCESS,8,40,48,13 February 2025,500000.0,119600.0,False,,,
56173.json,56173,35380,37910,SUCCESS,8,16,24,13 February 2025,110000.0,46528.0,False,,,
56174.json,56174,35381,37911,SUCCESS,8,40,48,14 February 2025,575000.0,138800.0,False,,,
56176.json,56176,35382,37912,SUCCESS,8,40,48,13 February 2025,470000.0,112440.0,False,,,
56184.json,56184,35383,37913,SUCCESS,8,16,24,15 February 2025,450000.0,181472.0,False,,,
56185.json,56185,35384,37914,SUCCESS,8,28,36,15 February 2025,280000.0,84400.0,False,,,
56194.json,56194,35385,37915,SUCCESS,9,12,21,17 February 2025,225000.0,121500.0,False,,,
56240.json,56240,35386,37916,SUCCESS,9,17,26,21 February 2025,250000.0,111330.0,False,,,
56286.json,56286,35387,37917,SUCCESS,8,28,36,28 February 2025,280000.0,84240.0,False,,,
56294.json,56294,35388,37918,SUCCESS,9,12,21,28 February 2025,250000.0,135000.0,False,,,
56318.json,56318,35389,37919,FAILED,0,16,16,4 March 2025,200000.0,0,False,,,
56330.json,56330,35390,37920,FAILED,0,16,16,6 March 2025,120000.0,0,False,,,
56352.json,56352,35391,37921,SUCCESS,7,41,48,12 March 2025,480000.0,102249.0,False,,,
56353.json,56353,35392,37922,SUCCESS,8,13,21,12 March 2025,175000.0,84000.0,False,,,
56412.json,56412,35393,37923,SUCCESS,7,25,32,21 March 2025,200000.0,60900.0,False,,,
56422.json,56422,35394,37924,SUCCESS,7,29,36,22 March 2025,475000.0,120204.0,False,,,
56436.json,56436,35395,37925,SUCCESS,8,13,21,25 March 2025,275000.0,132000.0,False,,,
56454.json,56454,35396,37926,SUCCESS,7,17,24,28 March 2025,150000.0,55517.0,False,,,
56460.json,56460,35397,37927,FAILED,0,42,42,29 March 2025,425000.0,0,False,,,
56469.json,56469,35398,37928,SUCCESS,7,23,30,31 March 2025,450000.0,132720.0,False,,,
56517.json,56517,35399,37929,SUCCESS,1,15,16,31 March 2025,135000.0,10260.0,False,,,
56526.json,56526,35400,37930,FAILED,0,24,24,31 March 2025,150000.0,0,False,,,
56527.json,56527,35401,37931,FAILED,0,48,48,31 March 2025,460000.0,0,False,,,
56562.json,56562,35402,37932,FAILED,0,30,30,12 April 2025,320000.0,0,False,,,
56565.json,56565,35403,37933,SUCCESS,6,18,24,12 April 2025,150000.0,47586.0,False,,,
56566.json,56566,35404,37934,SUCCESS,6,24,30,14 April 2025,500000.0,133950.0,False,,,
56604.json,56604,35405,37935,SUCCESS,6,42,48,24 April 2025,600000.0,107640.0,False,,,
56609.json,56609,35406,37936,SUCCESS,6,18,24,24 April 2025,220000.0,68478.0,False,,,
56625.json,56625,35407,37937,SUCCESS,5,31,36,28 April 2025,700000.0,133665.0,False,,,
56650.json,56650,35408,37938,SUCCESS,1,5,6,30 April 2025,430000.0,20000.0,False,,,
56685.json,56685,35409,37939,FAILED,0,36,36,6 May 2025,350000.0,0,False,,,
56686.json,56686,35410,37940,FAILED,0,24,24,7 May 2025,250000.0,0,False,,,
56693.json,56693,35411,37941,FAILED,0,48,48,8 May 2025,970000.0,0,False,,,
56717.json,56717,35412,37942,SUCCESS,5,43,48,15 May 2025,420000.0,63345.0,False,,,
56735.json,56735,35413,37943,SUCCESS,5,31,36,16 May 2025,380000.0,73600.0,False,,,
56737.json,56737,35414,37944,SUCCESS,5,43,48,16 May 2025,450000.0,68470.0,False,,,
56755.json,56755,35415,37945,FAILED,0,30,30,19 May 2025,120000.0,0,False,,,
56760.json,56760,35416,37946,SUCCESS,5,19,24,20 May 2025,225000.0,58365.0,False,,,
5677.json,5677,35417,37947,SUCCESS,44,1,45,10 July 2021,1000000.0,880000.0,False,,,
56796.json,56796,35418,37948,SUCCESS,6,15,21,28 May 2025,225000.0,78930.0,False,,,
56817.json,56817,35419,37949,SUCCESS,5,43,48,31 May 2025,1050000.0,165000.0,False,,,
56871.json,56871,35420,37950,FAILED,0,26,26,6 June 2025,225000.0,0,False,,,
56883.json,56883,35421,37951,SUCCESS,4,20,24,11 June 2025,120000.0,24196.0,False,,,
56892.json,56892,35422,37952,SUCCESS,4,44,48,12 June 2025,410000.0,49036.0,False,,,
56899.json,56899,35424,37953,SUCCESS,4,32,36,13 June 2025,550000.0,79536.0,False,,,
56901.json,56901,35425,37954,SUCCESS,4,32,36,13 June 2025,250000.0,38192.0,False,,,
56903.json,56903,35426,37955,SUCCESS,5,21,26,13 June 2025,450000.0,116450.0,False,,,
56906.json,56906,35427,37956,SUCCESS,4,20,24,13 June 2025,500000.0,100816.0,False,,,
57008.json,57008,35428,37957,FAILED,0,16,16,8 July 2025,90000.0,0,False,,,
57009.json,57009,35429,37958,FAILED,0,24,24,8 July 2025,270000.0,0,False,,,
57034.json,57034,35430,37959,SUCCESS,3,39,42,16 July 2025,400000.0,39333.0,False,,,
57099.json,57099,35431,37960,SUCCESS,4,14,18,29 July 2025,275000.0,73820.0,False,,,
57115.json,57115,35432,37961,SUCCESS,3,39,42,31 July 2025,265000.0,27096.0,False,,,
57116.json,57116,35433,37962,FAILED,0,48,48,31 July 2025,565000.0,0,False,,,
57117.json,57117,35434,37963,FAILED,0,24,24,31 July 2025,160000.0,0,False,,,
57118.json,57118,35435,37964,SUCCESS,3,21,24,31 July 2025,150000.0,22902.0,False,,,
57120.json,57120,35436,37965,FAILED,0,24,24,31 July 2025,1250000.0,0,False,,,
57122.json,57122,35437,37966,SUCCESS,4,7,11,31 July 2025,150000.0,61020.0,False,,,
57125.json,57125,35438,37967,FAILED,0,48,48,31 July 2025,1200000.0,0,False,,,
57126.json,57126,35439,37968,SUCCESS,3,39,42,31 July 2025,265000.0,26886.0,False,,,
57127.json,57127,35440,37969,FAILED,0,36,36,31 July 2025,800000.0,0,False,,,
57128.json,57128,35441,37970,FAILED,0,24,24,31 July 2025,500000.0,0,False,,,
57129.json,57129,35442,37971,SUCCESS,2,34,36,31 July 2025,430000.0,31960.0,False,,,
57130.json,57130,35443,37972,FAILED,0,48,48,31 July 2025,650000.0,0,False,,,
57134.json,57134,35444,37973,SUCCESS,3,45,48,31 July 2025,1350000.0,123243.0,False,,,
57136.json,57136,35445,37974,FAILED,0,36,36,31 July 2025,290000.0,0,False,,,
57137.json,57137,35446,37975,FAILED,0,24,24,31 July 2025,220000.0,0,False,,,
57138.json,57138,35447,37976,FAILED,0,36,36,31 July 2025,345000.0,0,False,,,
5850.json,5850,35449,37977,SUCCESS,36,48,84,11 January 2022,1100000.0,846000.0,False,,,
64481.json,6448,35450,37978,SUCCESS,25,35,60,31 August 2023,305000.0,219350.0,False,,,
65931.json,6593,35451,37979,SUCCESS,25,35,60,25 August 2023,160000.0,119750.0,False,,,
6623.json,6623,35452,37980,FAILED,0,84,84,2 May 2023,14000000.0,0,False,,,
6624.json,6624,35453,37981,SUCCESS,25,59,84,10 May 2023,10000000.0,5625000.0,False,,,
6637.json,6637,35454,37982,SUCCESS,27,57,84,28 June 2023,350000.0,227259.0,False,,,
6645.json,6645,35455,37983,SUCCESS,27,57,84,29 June 2023,1500000.0,864000.0,False,,,
6716.json,6716,35456,37984,SUCCESS,21,39,60,30 July 2023,250000.0,148008.0,False,,,
6844.json,6844,35457,37985,SUCCESS,23,61,84,29 September 2023,400000.0,218362.0,False,,,
7255.json,7255,35458,37986,SUCCESS,17,67,84,24 March 2024,285000.0,116501.0,False,,,
7997.json,7997,35459,37987,SUCCESS,5,55,60,28 April 2025,1000000.0,130000.0,False,,,
BL 1014.json,10007,35460,37988,FAILED,0,24,24,21 May 2024,2000000.0,0,False,,,
BL 1018.json,10007,35461,37989,FAILED,0,18,18,22 August 2024,2500000.0,0,False,,,
BL 1022.json,10007,35462,37990,FAILED,0,30,30,30 September 2024,2500000.0,0,False,,,
BL 1026.json,10007,35463,37991,FAILED,0,18,18,28 February 2025,2000000.0,0,False,,,
BL 1030.json,10007,35464,37992,FAILED,0,15,15,28 February 2025,2000000.0,0,False,,,
BL 1034.json,10007,35465,37993,FAILED,0,12,12,24 March 2025,2000000.0,0,False,,,
BL 1038.json,10007,35466,37994,FAILED,0,24,24,28 March 2025,2000000.0,0,False,,,
BL 1047.json,10007,35467,37995,FAILED,0,24,24,31 March 2025,2000000.0,0,False,,,
BL 1051.json,10007,35468,37996,FAILED,0,15,15,29 April 2025,2000000.0,0,False,,,
BL 1060.json,10007,35469,37997,FAILED,0,18,18,16 May 2025,2000000.0,0,False,,,
BL 1064.json,10007,35470,37998,FAILED,0,15,15,9 June 2025,2000000.0,0,False,,,
BL 1069.json,10007,35471,37999,FAILED,0,24,24,11 June 2025,2500000.0,0,False,,,
BL 1071.json,10007,35472,38000,FAILED,0,12,12,30 June 2025,5000000.0,0,False,,,
BL 1081.json,10007,35473,38001,FAILED,0,18,18,2 July 2025,2500000.0,0,False,,,
BL 1083.json,10007,35474,38002,FAILED,0,6,6,26 July 2025,5000000.0,0,False,,,
BL 1089.json,10007,35475,38003,FAILED,0,15,15,31 July 2025,2500000.0,0,False,,,
BL 1092.json,10007,35476,38004,FAILED,0,36,36,31 July 2025,5000000.0,0,False,,,
EM 163.json,10007,35477,38005,SUCCESS,10,0,10,20 August 2024,27000.0,27000.0,False,,,
EM 169.json,10007,35478,38006,FAILED,0,9,9,8 November 2024,45000.0,0,False,,,
EM 171.json,10007,35479,38007,SUCCESS,10,0,10,21 November 2024,28000.0,28000.0,False,,,
EM 173.json,10007,35480,38008,SUCCESS,6,0,6,16 January 2025,30000.0,30000.0,False,,,
EM 176.json,10007,35481,38009,SUCCESS,7,3,10,22 February 2025,30000.0,21000.0,False,,,
EM 177.json,10007,35482,38010,SUCCESS,7,5,12,18 March 2025,60000.0,35000.0,False,,,
EM 178.json,10007,35483,38011,FAILED,0,10,10,5 April 2025,38000.0,0,False,,,
EM 179.json,10007,35484,38012,FAILED,0,8,8,5 April 2025,50000.0,0,False,,,
EM 181.json,10007,35485,38013,FAILED,0,10,10,5 May 2025,50000.0,0,False,,,
EM 185.json,10007,35486,38014,FAILED,0,6,6,9 June 2025,33000.0,0,False,,,
EM 186.json,10007,35487,38015,SUCCESS,3,7,10,30 June 2025,35000.0,10500.0,False,,,
EM 188.json,10007,35488,38016,SUCCESS,3,3,6,16 July 2025,24000.0,12000.0,False,,,
P 523951.json,10007,35489,38017,SUCCESS,9,0,9,25 January 2025,16311.0,17847.0,False,,,
P 529871.json,10007,35490,38018,SUCCESS,9,0,9,16 January 2025,15441.0,16758.0,False,,,
P 533161.json,10007,35491,38019,FAILED,0,9,9,31 December 2024,16982.0,0,False,,,
P 534031.json,10007,35492,38020,SUCCESS,9,0,9,31 December 2024,11312.0,12474.0,False,,,
P 536641.json,10007,35493,38021,SUCCESS,6,0,6,28 February 2025,8315.0,8874.0,False,,,
P 539211.json,10007,35494,38022,SUCCESS,5,0,5,26 March 2025,16575.0,17630.0,False,,,
P 541631.json,10007,35495,38023,SUCCESS,4,5,9,10 June 2025,38071.0,18512.0,False,,,
P 544881.json,10007,35496,38024,FAILED,0,9,9,21 July 2025,14726.0,0,False,,,
P 546851.json,10007,35497,38025,FAILED,0,9,9,2 May 2025,41209.0,0,False,,,
P 555501.json,10007,35498,38026,FAILED,0,6,6,1 July 2025,9621.0,0,False,,,
P 556671.json,10007,35499,38027,FAILED,0,9,9,6 June 2025,8753.0,0,False,,,
TU-71045.json,10007,35500,38028,SUCCESS,21,0,21,22 June 2023,100000.0,122850.0,False,,,
TU-71056.json,10007,35501,38029,SUCCESS,19,5,24,13 March 2024,500000.0,483550.0,False,,,
TU-71066.json,10007,35503,38030,FAILED,0,12,12,8 May 2025,75000.0,0,False,,,
